title,description,content,url,published_at,source_name,source_url,fetched_at,headline_sentiment_score,headline_sentiment,analysis_text,sentiment_score,sentiment,sentiment_positive,sentiment_negative,sentiment_neutral
Do Wall Street Analysts Like Norfolk Southern Stock?,"Norfolk Southern has outpaced the broader market over the past year, and analysts remain moderately optimistic about the stock’s prospects.","Atlanta, Georgia-based Norfolk Southern Corporation (NSC) engages in the rail transportation of raw materials, intermediate products, and finished goods in the United States. The company has a market cap of $77.6 billion and transports agriculture, f... [1716 chars]",https://www.barchart.com/story/news/3952285/do-wall-street-analysts-like-norfolk-southern-stock,2026-08-20 14:35:45+00:00,Barchart,https://www.barchart.com,2026-09-18 08:31:40.315982+00:00,0.3612,Positive,"Do Wall Street Analysts Like Norfolk Southern Stock?. Norfolk Southern has outpaced the broader market over the past year, and analysts remain moderately optimistic about the stock’s prospects.",0.7184,Positive,0.219,0.0,0.781
Intuit Stock: Analyst Estimates & Ratings,"Despite Intuit's weak performance relative to the broader market over the past 52 weeks, Wall Street analysts remain moderately optimistic about the stock's prospects.","With a market cap of $99.1 billion, Intuit Inc. (INTU) is a global financial technology company dedicated to powering prosperity for individuals, businesses, and communities worldwide. Serving approximately 100 million customers through trusted produ... [2199 chars]",https://www.barchart.com/story/news/3952356/intuit-stock-analyst-estimates-ratings,2026-08-20 14:39:53+00:00,Barchart,https://www.barchart.com,2026-09-18 08:31:40.315982+00:00,0.0,Neutral,"Intuit Stock: Analyst Estimates & Ratings. Despite Intuit's weak performance relative to the broader market over the past 52 weeks, Wall Street analysts remain moderately optimistic about the stock's prospects.",0.7101,Positive,0.204,0.0,0.796
Jabil Stock: Is Wall Street Bullish or Bearish?,"As Jabil has outperformed relative to the broader market over the past year, Wall Street analysts maintain a strongly optimistic outlook on the stock’s prospects.","With a market cap of $33.8 billion, Jabil Inc. (JBL) is a global provider of electronic manufacturing services and solutions. Operating through its Electronics Manufacturing Services (EMS) and Diversified Manufacturing Services (DMS) segments, it off... [2106 chars]",https://www.barchart.com/story/news/3953280/jabil-stock-is-wall-street-bullish-or-bearish,2026-08-20 15:27:55+00:00,Barchart,https://www.barchart.com,2026-09-18 08:31:40.315982+00:00,0.0,Neutral,"Jabil Stock: Is Wall Street Bullish or Bearish?. As Jabil has outperformed relative to the broader market over the past year, Wall Street analysts maintain a strongly optimistic outlook on the stock’s prospects.",0.6808,Positive,0.18,0.0,0.82
Leaderboard Chip Stock Called 'Technology Disruptor',"A Wall Street analyst initiated coverage of SiTime stock with a buy rating, calling the timing-chip specialist a ""technology disruptor.""","Information in Investor’s Business Daily is for informational and educational purposes only and should not be construed as an offer, recommendation, solicitation, or rating to buy or sell securities. The information has been obtained from sources we ... [1013 chars]",https://www.investors.com/news/technology/sitime-stock-buy-rating-technology-disruptor/,2026-08-20 16:07:23+00:00,Investor's Business Daily,https://www.investors.com,2026-09-18 08:31:40.315982+00:00,0.0,Neutral,"Leaderboard Chip Stock Called 'Technology Disruptor'. A Wall Street analyst initiated coverage of SiTime stock with a buy rating, calling the timing-chip specialist a ""technology disruptor.""",0.0,Neutral,0.0,0.0,1.0
What Are Wall Street Analysts' Target Price for Agilent Technologies Stock?,"Despite Agilent Technologies’ strong performance relative to the broader market over the past year, Wall Street analysts remain cautiously optimistic about the stock’s prospects.","With a market cap of $43.9 billion, Agilent Technologies, Inc. (A) is a global leader in analytical and clinical laboratory technologies, providing instruments, software, services, and expertise that help customers advance scientific research and inn... [1989 chars]",https://www.barchart.com/story/news/3954180/what-are-wall-street-analysts-target-price-for-agilent-technologies-stock,2026-08-20 16:14:47+00:00,Barchart,https://www.barchart.com,2026-09-18 08:31:40.315982+00:00,0.0,Neutral,"What Are Wall Street Analysts' Target Price for Agilent Technologies Stock?. Despite Agilent Technologies’ strong performance relative to the broader market over the past year, Wall Street analysts remain cautiously optimistic about the stock’s prospects.",0.2018,Positive,0.115,0.069,0.816
Are Wall Street Analysts Bullish on FedEx Stock?,"Despite FedEx’s outperformance relative to the broader market over the past year, Wall Street analysts maintain a cautiously optimistic outlook on the stock’s prospects.","With a market cap. of $77.7 billion, FedEx Corporation (FDX) is a global provider of transportation, e-commerce, and business services operating through its Federal Express and FedEx Freight segments across the United States and international markets... [1815 chars]",https://www.barchart.com/story/news/3956356/are-wall-street-analysts-bullish-on-fedex-stock,2026-08-20 18:23:57+00:00,Barchart,https://www.barchart.com,2026-09-18 08:31:40.315982+00:00,0.0,Neutral,"Are Wall Street Analysts Bullish on FedEx Stock?. Despite FedEx’s outperformance relative to the broader market over the past year, Wall Street analysts maintain a cautiously optimistic outlook on the stock’s prospects.",0.5423,Positive,0.13,0.0,0.87
"Dow plunges 600 points as surging Treasury yields, Walmart sales shock Wall Street","Stock indexes fell on Thursday and hovered near two-week lows, as rising Treasury yields dented risk appetite and disappointing results from retail bellwether Walmart added pressure along with rallying oil prices.","Stock indexes fell on Thursday and hovered near two-week lows, as rising Treasury yields dented risk appetite and disappointing results from retail bellwether Walmart added pressure along with rallying oil prices. In afternoon trading, the Dow Jones ... [2627 chars]",https://nypost.com/2026/08/20/business/dow-plunges-600-points-as-surging-treasury-yields-walmart-sales-shock-wall-street/,2026-08-20 18:57:51+00:00,New York Post,https://nypost.com,2026-09-18 08:31:40.315982+00:00,-0.2023,Negative,"Dow plunges 600 points as surging Treasury yields, Walmart sales shock Wall Street. Stock indexes fell on Thursday and hovered near two-week lows, as rising Treasury yields dented risk appetite and disappointing results from retail bellwether Walmart added pressure along with rallying oil prices.",-0.8074,Negative,0.069,0.227,0.705
"Wall Street falls as Walmart shares plunge, US bond yields surge and Iran conflict drives oil prices higher","The main US stock indices have fallen as rebounding government bond yields hurt sentiment, while retail bellwether Walmart faced sharp declines after a","The main US stock indices have fallen as rebounding government bond yields hurt sentiment, while retail bellwether Walmart faced sharp declines after a quarterly sales miss. Walmart lost 8.6 per cent after missing Wall Street expectations for quarter... [2965 chars]",https://www.europesays.com/3205871/,2026-08-20 21:40:37+00:00,EUROPE SAYS,https://www.europesays.com,2026-09-18 08:31:40.315982+00:00,-0.0258,Neutral,"Wall Street falls as Walmart shares plunge, US bond yields surge and Iran conflict drives oil prices higher. The main US stock indices have fallen as rebounding government bond yields hurt sentiment, while retail bellwether Walmart faced sharp declines after a",-0.7184,Negative,0.046,0.173,0.781
Broadcom or Oracle: Billionaire Steve Cohen Loads Up on One Top AI Stock,"AI has been one of Wall Street’s biggest themes for the past few years, and the focus is now shifting from whether the technology will live up t...","AI has been one of Wall Street’s biggest themes for the past few years, and the focus is now shifting from whether the technology will live up to the excitement to how much further its impact can extend. Summer Sale - Claim 70% Off TipRanks Unlock po... [9507 chars]",https://markets.businessinsider.com/news/stocks/broadcom-or-oracle-billionaire-steve-cohen-loads-up-on-one-top-ai-stock-1036481472,2026-08-20 22:38:58+00:00,Markets Insider,https://markets.businessinsider.com,2026-09-18 08:31:40.315982+00:00,0.2023,Positive,"Broadcom or Oracle: Billionaire Steve Cohen Loads Up on One Top AI Stock. AI has been one of Wall Street’s biggest themes for the past few years, and the focus is now shifting from whether the technology will live up t...",0.2023,Positive,0.043,0.0,0.957
CrowdStrike Stock (CRWD): Who Owns It Ahead of Q2 Earnings?,Cybersecurity provider CrowdStrike Holdings (CRWD) will announce its fiscal second-quarter earnings on August 26. Most Wall Street analysts are ...,"Cybersecurity provider CrowdStrike Holdings (CRWD) will announce its fiscal second-quarter earnings on August 26. Most Wall Street analysts are bullish on CRWD stock ahead of Q2 FY27 results, as the company is expected to benefit from a strong demand... [2256 chars]",https://markets.businessinsider.com/news/stocks/crowdstrike-stock-crwd-who-owns-it-ahead-of-q2-earnings-1036481568,2026-08-20 23:29:52+00:00,Markets Insider,https://markets.businessinsider.com,2026-09-18 08:31:40.315982+00:00,0.0,Neutral,CrowdStrike Stock (CRWD): Who Owns It Ahead of Q2 Earnings?. Cybersecurity provider CrowdStrike Holdings (CRWD) will announce its fiscal second-quarter earnings on August 26. Most Wall Street analysts are ...,0.0,Neutral,0.0,0.0,1.0
Is Wall Street Bullish or Bearish on Parker-Hannifin Stock?,"Parker-Hannifin has rallied the broader market over the past year, and analysts remain highly optimistic about the stock’s prospects.","Cleveland, Ohio-based Parker-Hannifin Corporation (PH) manufactures and sells motion and control technologies and systems for aerospace and defense, in-plant and industrial equipment, transportation, off-highway, energy, and HVAC and refrigeration ma... [1916 chars]",https://www.barchart.com/story/news/3970186/is-wall-street-bullish-or-bearish-on-parker-hannifin-stock,2026-08-21 13:26:43+00:00,Barchart,https://www.barchart.com,2026-09-18 08:31:41.402113+00:00,0.0,Neutral,"Is Wall Street Bullish or Bearish on Parker-Hannifin Stock?. Parker-Hannifin has rallied the broader market over the past year, and analysts remain highly optimistic about the stock’s prospects.",0.5849,Positive,0.156,0.0,0.844
Do Wall Street Analysts Like Rockwell Automation Stock?,"Despite Rockwell Automation’s strong performance relative to the broader market over the past 52 weeks, Wall Street analysts remain cautiously optimistic about the stock's prospects.","With a market cap of $47.9 billion, Rockwell Automation, Inc. (ROK) is a global leader in industrial automation and digital transformation, helping businesses improve productivity and sustainability through technology. The company employs approximate... [1894 chars]",https://www.barchart.com/story/news/3970439/do-wall-street-analysts-like-rockwell-automation-stock,2026-08-21 13:40:37+00:00,Barchart,https://www.barchart.com,2026-09-18 08:31:41.402113+00:00,0.3612,Positive,"Do Wall Street Analysts Like Rockwell Automation Stock?. Despite Rockwell Automation’s strong performance relative to the broader market over the past 52 weeks, Wall Street analysts remain cautiously optimistic about the stock's prospects.",0.5103,Positive,0.181,0.07,0.749
Walmart (WMT) Suffers Multiple Price-Target Cuts After Q2 Earnings,"Wall Street kept its largely bullish ratings on Walmart stock intact following disappointing comps and guidance, but several analysts reduced their price targets on WMT shares.","Walmart (WMT) managed to beat Wall Street expectations for its second-quarter financials on numerous fronts, but multiple equity research analysts have reduced their share-price targets on concerns about sales growth. On Thursday, Aug. 21, Walmart an... [6223 chars]",https://www.barchart.com/story/news/3971020/walmart-wmt-suffers-multiple-price-target-cuts-after-q2-earnings,2026-08-21 14:17:17+00:00,Barchart,https://www.barchart.com,2026-09-18 08:31:41.402113+00:00,-0.6486,Negative,"Walmart (WMT) Suffers Multiple Price-Target Cuts After Q2 Earnings. Wall Street kept its largely bullish ratings on Walmart stock intact following disappointing comps and guidance, but several analysts reduced their price targets on WMT shares.",-0.1406,Negative,0.105,0.144,0.751
Are Wall Street Analysts Predicting Extra Space Storage Stock Will Climb or Sink?,"Extra Space Storage has underperformed the broader market over the past year, and analysts remain somewhat bullish about the stock’s prospects.","Maryland-based Extra Space Storage Inc. (EXR) is a real estate investment trust (REIT) that offers a vast array of well-located storage systems, which comprise many units and many million square feet of rentable storage space. The company has a marke... [1642 chars]",https://www.barchart.com/story/news/3971375/are-wall-street-analysts-predicting-extra-space-storage-stock-will-climb-or-sink,2026-08-21 14:39:59+00:00,Barchart,https://www.barchart.com,2026-09-18 08:31:41.402113+00:00,0.0,Neutral,"Are Wall Street Analysts Predicting Extra Space Storage Stock Will Climb or Sink?. Extra Space Storage has underperformed the broader market over the past year, and analysts remain somewhat bullish about the stock’s prospects.",0.296,Positive,0.062,0.0,0.937
General Dynamics Stock: Is Wall Street Bullish or Bearish?,"Although General Dynamics has outperformed the broader market over the past year, Wall Street analysts maintain a cautiously optimistic outlook on the stock’s prospects.","With a market cap of $104.4 billion, General Dynamics Corporation (GD) is a global aerospace and defense company operating through four segments: Aerospace, Marine Systems, Combat Systems, and Technologies. It delivers a broad portfolio of advanced p... [1971 chars]",https://www.barchart.com/story/news/3971558/general-dynamics-stock-is-wall-street-bullish-or-bearish,2026-08-21 14:55:44+00:00,Barchart,https://www.barchart.com,2026-09-18 08:31:41.402113+00:00,0.2732,Positive,"General Dynamics Stock: Is Wall Street Bullish or Bearish?. Although General Dynamics has outperformed the broader market over the past year, Wall Street analysts maintain a cautiously optimistic outlook on the stock’s prospects.",0.7717,Positive,0.231,0.0,0.769
"Ahead of Zoom Earnings, Here's What Barchart Data Says Comes Next for ZM Stock",Zoom is scheduled to report its fiscal Q2 earnings on Aug. 25. Options traders and Wall Street analysts are bullish on ZM shares heading into the quarterly release.,"Zoom Communications (ZM) is set to report its fiscal Q2 results on Aug. 25 after market close, and the options market believes the release will prove a near-term tailwind for the company’s share price. Consensus is for the enterprise communications s... [1965 chars]",https://www.barchart.com/story/news/3972289/ahead-of-zoom-earnings-here-s-what-barchart-data-says-comes-next-for-zm-stock,2026-08-21 15:47:14+00:00,Barchart,https://www.barchart.com,2026-09-18 08:31:41.402113+00:00,0.0,Neutral,"Ahead of Zoom Earnings, Here's What Barchart Data Says Comes Next for ZM Stock. Zoom is scheduled to report its fiscal Q2 earnings on Aug. 25. Options traders and Wall Street analysts are bullish on ZM shares heading into the quarterly release.",0.296,Positive,0.051,0.0,0.949
"Nike Is Back at Its 2014 Price and Still Isn’t Cheap, and Wall Street Expects Earnings to Fall Another 18%","Even at its lowest in 12 years, NKE stock has still not hit rock bottom.","Nike (NKE) closed at $39.09 on Monday, Aug. 17, down about 4% on the day and the lowest close the stock has recorded since 2014. Anyone who bought shares at any point in the intervening 12 years is now flat or underwater on price. Shares rebounded on... [4739 chars]",https://www.barchart.com/story/news/3973113/nike-is-back-at-its-2014-price-and-still-isnt-cheap-and-wall-street-expects-earnings-to-fall-another-18,2026-08-21 16:33:56+00:00,Barchart,https://www.barchart.com,2026-09-18 08:31:41.402113+00:00,0.0,Neutral,"Nike Is Back at Its 2014 Price and Still Isn’t Cheap, and Wall Street Expects Earnings to Fall Another 18%. Even at its lowest in 12 years, NKE stock has still not hit rock bottom.",-0.3818,Negative,0.0,0.071,0.929
3 key takeaways from a tough week on Wall Street,"The stock market suffered a losing week, hurt by any number of catalysts, ranging from rising bond yields to U.S.-Iran tensions.","While the market finished Friday's session higher , it wasn't enough to overcome a losing week. The S & P 500 and Nasdaq Composite snapped a three-week advance, seeing five-day losses of more than 1% and roughly 2%, respectively. The Dow Jones Indust... [3077 chars]",https://www.cnbc.com/2026/08/21/3-key-takeaways-from-a-tough-week-on-wall-street.html,2026-08-21 20:01:34+00:00,CNBC,https://www.cnbc.com,2026-09-18 08:31:41.402113+00:00,-0.128,Negative,"3 key takeaways from a tough week on Wall Street. The stock market suffered a losing week, hurt by any number of catalysts, ranging from rising bond yields to U.S.-Iran tensions.",-0.9022,Negative,0.033,0.338,0.63
"Microsoft vs. Broadcom: One Has 85% Upside, But I'm Picking the Other",Wall Street sees 85% upside in Broadcom versus 45% for Microsoft. But bigger upside doesn't always mean the better buy. Here's why I'm sticking with Microsoft as the smarter AI stock for 2026.,"With an AI market that's still this hot, I can’t really blame investors when they start pitting different companies against each other like some battleboarding forum. One of the most common matchups I'm seeing is between Microsoft (MSFT) and Broadcom... [5204 chars]",https://www.barchart.com/story/news/3979328/microsoft-vs-broadcom-one-has-85-upside-but-i-m-picking-the-other,2026-08-21 23:00:02+00:00,Barchart,https://www.barchart.com,2026-09-18 08:31:41.402113+00:00,0.0,Neutral,"Microsoft vs. Broadcom: One Has 85% Upside, But I'm Picking the Other. Wall Street sees 85% upside in Broadcom versus 45% for Microsoft. But bigger upside doesn't always mean the better buy. Here's why I'm sticking with Microsoft as the smarter AI stock for 2026.",0.8338,Positive,0.154,0.0,0.846
Trump’s Accounts Bought Palantir Stock in June. Is PLTR Still a Buy After a 46% Rally?,"Palantir Technologies (PLTR) stock has jumped about 46% in August and 43% since its August 3 earnings report. Still, Wall Street sees about 10% ...","Palantir Technologies (PLTR) stock has jumped about 46% in August and 43% since its August 3 earnings report. Still, Wall Street sees about 10% upside from current levels. Trump’s investment accounts also bought Palantir shares in June, adding anothe... [2724 chars]",https://markets.businessinsider.com/news/stocks/trump-s-accounts-bought-palantir-stock-in-june-is-pltr-still-a-buy-after-a-46-rally-1036484658,2026-08-23 17:23:35+00:00,Markets Insider,https://markets.businessinsider.com,2026-09-18 08:31:42.848022+00:00,0.0,Neutral,"Trump’s Accounts Bought Palantir Stock in June. Is PLTR Still a Buy After a 46% Rally?. Palantir Technologies (PLTR) stock has jumped about 46% in August and 43% since its August 3 earnings report. Still, Wall Street sees about 10% ...",0.0,Neutral,0.0,0.0,1.0
A Tax Strategy So Aggressive It Built the World's Largest Hedge Fund and Made Losing Money the Hottest Product on Wall Street,Cliff Asness spent three decades irritated by a math problem: rich people were losing more to the IRS than they were gaining from their stock pickers. Then he,Cliff Asness spent three decades irritated by a math problem: rich people were losing more to the IRS than they were gaining from their stock pickers. Then he sold them a fund that manufactures losses on purpose. That is how AQR Capital Management be... [5340 chars],https://www.europesays.com/3211765/,2026-08-23 22:57:15+00:00,EUROPE SAYS,https://www.europesays.com,2026-09-18 08:31:42.848022+00:00,-0.5742,Negative,A Tax Strategy So Aggressive It Built the World's Largest Hedge Fund and Made Losing Money the Hottest Product on Wall Street. Cliff Asness spent three decades irritated by a math problem: rich people were losing more to the IRS than they were gaining from their stock pickers. Then he,-0.6825,Negative,0.103,0.209,0.689
Are Wall Street Analysts Predicting Atmos Energy Stock Will Climb or Sink?,"Atmos Energy has underperformed the broader market over the past year, and analysts are cautious about the stock’s prospects.","Dallas, Texas-based Atmos Energy Corporation (ATO) distributes natural gas. With a market cap of $28.4 billion, the company provides natural gas marketing and procurement services to large customers, as well as manages storage and pipeline assets. Sh... [2140 chars]",https://www.barchart.com/story/news/4023979/are-wall-street-analysts-predicting-atmos-energy-stock-will-climb-or-sink,2026-08-25 14:14:39+00:00,Barchart,https://www.barchart.com,2026-09-18 08:31:44.269615+00:00,0.2732,Positive,"Are Wall Street Analysts Predicting Atmos Energy Stock Will Climb or Sink?. Atmos Energy has underperformed the broader market over the past year, and analysts are cautious about the stock’s prospects.",0.6124,Positive,0.184,0.04,0.776
ResMed Stock: Analyst Estimates & Ratings,"Although ResMed has underperformed the broader market over the past year, Wall Street analysts maintain a moderately optimistic outlook on the stock’s prospects.","With a market cap of $33.5 billion, ResMed Inc. (RMD) is a global health technology company that develops innovative solutions to help people live healthier, happier lives through better sleep and breathing. Operating across 140 countries, the compan... [2269 chars]",https://www.barchart.com/story/news/4024749/resmed-stock-analyst-estimates-ratings,2026-08-25 14:51:43+00:00,Barchart,https://www.barchart.com,2026-09-18 08:31:44.269615+00:00,0.0,Neutral,"ResMed Stock: Analyst Estimates & Ratings. Although ResMed has underperformed the broader market over the past year, Wall Street analysts maintain a moderately optimistic outlook on the stock’s prospects.",0.5423,Positive,0.143,0.0,0.857
Quest Diagnostics Stock: Is Wall Street Bullish or Bearish?,"While Quest Diagnostics has outpaced the broader market over the past year, Wall Street analysts maintain a cautiously optimistic outlook on the stock’s prospects.","With a market cap of $26.9 billion, Quest Diagnostics Incorporated (DGX) is a leading provider of diagnostic testing services in the United States and internationally. The company delivers a wide range of routine and advanced diagnostic information s... [2042 chars]",https://www.barchart.com/story/news/4025944/quest-diagnostics-stock-is-wall-street-bullish-or-bearish,2026-08-25 15:52:43+00:00,Barchart,https://www.barchart.com,2026-09-18 08:31:44.269615+00:00,0.0,Neutral,"Quest Diagnostics Stock: Is Wall Street Bullish or Bearish?. While Quest Diagnostics has outpaced the broader market over the past year, Wall Street analysts maintain a cautiously optimistic outlook on the stock’s prospects.",0.5423,Positive,0.127,0.0,0.873
What Are Wall Street Analysts' Target Price for F5 Stock?,"Although F5 has outperformed the SPX over the past year, Wall Street analysts maintain a cautiously optimistic outlook on the stock’s prospects.","With a market cap of $21.5 billion, F5, Inc. (FFIV) provides multicloud application security and delivery solutions globally, serving enterprise businesses, public sector institutions, and service providers. Its offerings include products like BIG-IP... [1881 chars]",https://www.barchart.com/story/news/4026625/what-are-wall-street-analysts-target-price-for-f5-stock,2026-08-25 16:30:07+00:00,Barchart,https://www.barchart.com,2026-09-18 08:31:44.269615+00:00,0.0,Neutral,"What Are Wall Street Analysts' Target Price for F5 Stock?. Although F5 has outperformed the SPX over the past year, Wall Street analysts maintain a cautiously optimistic outlook on the stock’s prospects.",0.5423,Positive,0.13,0.0,0.87
Intuit Stock: QuickBooks Maker Posts Mixed Report,Intuit handily beat Wall Street's targets for its fiscal fourth quarter but disappointed with its guidance. Intuit stock fell.,"Information in Investor’s Business Daily is for informational and educational purposes only and should not be construed as an offer, recommendation, solicitation, or rating to buy or sell securities. The information has been obtained from sources we ... [1013 chars]",https://www.investors.com/news/technology/intuit-stock-fiscal-q4-2026-earnings/,2026-08-25 20:12:14+00:00,Investor's Business Daily,https://www.investors.com,2026-09-18 08:31:44.269615+00:00,0.0,Neutral,Intuit Stock: QuickBooks Maker Posts Mixed Report. Intuit handily beat Wall Street's targets for its fiscal fourth quarter but disappointed with its guidance. Intuit stock fell.,-0.631,Negative,0.0,0.142,0.858
Nvidia Could Grow Revenue 97% and Still Disappoint Wall Street on Aug. 26,"Nvidia (NVDA +2.20%) could nearly double its revenue year over year when it reports earnings on Wednesday, Aug. 26, and still see its stock fall following the","Nvidia (NVDA +2.20%) could nearly double its revenue year over year when it reports earnings on Wednesday, Aug. 26, and still see its stock fall following the release. While that might sound strange, the fact is that Wall Street has become so accusto... [1950 chars]",https://www.europesays.com/3215237/,2026-08-25 20:18:20+00:00,EUROPE SAYS,https://www.europesays.com,2026-09-18 08:31:44.269615+00:00,-0.4019,Negative,"Nvidia Could Grow Revenue 97% and Still Disappoint Wall Street on Aug. 26. Nvidia (NVDA +2.20%) could nearly double its revenue year over year when it reports earnings on Wednesday, Aug. 26, and still see its stock fall following the",-0.4019,Negative,0.0,0.065,0.935
The $1.24 Billion Reason Why Kura Oncology Stock Is Up Today,Kura Oncology stock rallies as the CEO revealed another $1.24 million purchase of company shares. Wall Street continues to see massive further upside in KURA shares.,"Kura Oncology (KURA) stock soared on Aug. 25 after a regulatory filing confirmed that CEO Troy Wilson has loaded up on company shares. The chief executive bought 100,000 KURA shares in total for about $1.24 million this week, only days after his init... [2042 chars]",https://www.barchart.com/story/news/4031600/the-1-24-billion-reason-why-kura-oncology-stock-is-up-today,2026-08-25 20:36:40+00:00,Barchart,https://www.barchart.com,2026-09-18 08:31:44.269615+00:00,0.0,Neutral,The $1.24 Billion Reason Why Kura Oncology Stock Is Up Today. Kura Oncology stock rallies as the CEO revealed another $1.24 million purchase of company shares. Wall Street continues to see massive further upside in KURA shares.,0.5267,Positive,0.112,0.0,0.888
"Zoom Stock Retreats As Q2 Earnings, Guidance Underwhelm",Zoom stock fell amid Q2 revenue that edged by consensus estimates while guidance came in slightly below Wall Street targets.,"Information in Investor’s Business Daily is for informational and educational purposes only and should not be construed as an offer, recommendation, solicitation, or rating to buy or sell securities. The information has been obtained from sources we ... [1013 chars]",https://www.investors.com/news/technology/zoom-stock-zm-zoom-earnings-q22026/,2026-08-25 20:51:20+00:00,Investor's Business Daily,https://www.investors.com,2026-09-18 08:31:44.269615+00:00,0.0,Neutral,"Zoom Stock Retreats As Q2 Earnings, Guidance Underwhelm. Zoom stock fell amid Q2 revenue that edged by consensus estimates while guidance came in slightly below Wall Street targets.",0.0,Neutral,0.0,0.0,1.0
Intuit Stock Is Plunging After Hours - What’s Driving the Sell-Off and What Wall Street Sees Next,Intuit (NASDAQ:INTU) stock is plunging 9% in Tuesday’s after-hours trading after the TurboTax and QuickBooks parent delivered a strong fiscal fo...,Intuit (NASDAQ:INTU) stock is plunging 9% in Tuesday’s after-hours trading after the TurboTax and QuickBooks parent delivered a strong fiscal fourth quarter but followed it with an outlook that left investors worried about slower growth ahead. The bi... [2993 chars],https://markets.businessinsider.com/news/stocks/intuit-stock-is-plunging-after-hours-what-s-driving-the-sell-off-and-what-wall-street-sees-next-1036492099,2026-08-25 21:04:18+00:00,Markets Insider,https://markets.businessinsider.com,2026-09-18 08:31:44.269615+00:00,0.0,Neutral,Intuit Stock Is Plunging After Hours - What’s Driving the Sell-Off and What Wall Street Sees Next. Intuit (NASDAQ:INTU) stock is plunging 9% in Tuesday’s after-hours trading after the TurboTax and QuickBooks parent delivered a strong fiscal fo...,0.5106,Positive,0.082,0.0,0.918
Last-Minute Thought: Top KeyBanc Analyst Sets Expectations on Nvidia Stock Ahead of Earnings,"With less than 24 hours before Nvidia (NASDAQ:NVDA) reports earnings Wednesday after the closing bell, one of Wall Street’s most closely watched...","With less than 24 hours before Nvidia (NASDAQ:NVDA) reports earnings Wednesday after the closing bell, one of Wall Street’s most closely watched events is almost here. The numbers will matter, but investors will be looking beyond a single quarter to ... [3962 chars]",https://markets.businessinsider.com/news/stocks/last-minute-thought-top-keybanc-analyst-sets-expectations-on-nvidia-stock-ahead-of-earnings-1036492843,2026-08-25 23:44:41+00:00,Markets Insider,https://markets.businessinsider.com,2026-09-18 08:31:44.269615+00:00,0.2023,Positive,"Last-Minute Thought: Top KeyBanc Analyst Sets Expectations on Nvidia Stock Ahead of Earnings. With less than 24 hours before Nvidia (NASDAQ:NVDA) reports earnings Wednesday after the closing bell, one of Wall Street’s most closely watched...",0.2023,Positive,0.05,0.0,0.95
Is Wall Street Bullish or Bearish on O'Reilly Automotive Stock?,"O'Reilly Automotive has underperformed the broader market over the past year, but analysts are highly optimistic about the stock’s prospects.","O'Reilly Automotive, Inc. (ORLY), headquartered in Springfield, Missouri, is a leading retailer and supplier of automotive aftermarket parts, tools, supplies, equipment, and accessories. Valued at $73.1 billion by market cap, the company sells its pr... [2519 chars]",https://www.barchart.com/story/news/4217510/is-wall-street-bullish-or-bearish-on-o-reilly-automotive-stock,2026-08-27 14:44:03+00:00,Barchart,https://www.barchart.com,2026-09-18 08:31:45.702925+00:00,0.0,Neutral,"Is Wall Street Bullish or Bearish on O'Reilly Automotive Stock?. O'Reilly Automotive has underperformed the broader market over the past year, but analysts are highly optimistic about the stock’s prospects.",0.7343,Positive,0.181,0.0,0.819
Do Wall Street Analysts Like Teledyne Technologies Stock?,"Teledyne Technologies has underperformed the broader market over the past year, but analysts are cautiously optimistic about the stock’s prospects.","Teledyne Technologies Incorporated (TDY), headquartered in Thousand Oaks, California, is a leading provider of sophisticated instrumentation. With a market cap of $29.1 billion, the company provides aerospace and defense electronics, digital imaging ... [2399 chars]",https://www.barchart.com/story/news/4217866/do-wall-street-analysts-like-teledyne-technologies-stock,2026-08-27 14:48:27+00:00,Barchart,https://www.barchart.com,2026-09-18 08:31:45.702925+00:00,0.3612,Positive,"Do Wall Street Analysts Like Teledyne Technologies Stock?. Teledyne Technologies has underperformed the broader market over the past year, but analysts are cautiously optimistic about the stock’s prospects.",0.7579,Positive,0.231,0.0,0.769
Is Wall Street Bullish or Bearish on FedEx Freight Stock?,"Though FedEx Freight has underperformed relative to the broader market over the past month, Wall Street analysts remain moderately optimistic about the stock’s prospects.","With a market cap of $19.6 billion, FedEx Freight Holding Company, Inc. (FDXF) is North America’s largest less-than-truckload (LTL) carrier, offering Priority, Economy and Direct services that help customers balance speed, cost and reliability. With ... [1883 chars]",https://www.barchart.com/story/news/4218504/is-wall-street-bullish-or-bearish-on-fedex-freight-stock,2026-08-27 14:58:32+00:00,Barchart,https://www.barchart.com,2026-09-18 08:31:45.702925+00:00,0.0,Neutral,"Is Wall Street Bullish or Bearish on FedEx Freight Stock?. Though FedEx Freight has underperformed relative to the broader market over the past month, Wall Street analysts remain moderately optimistic about the stock’s prospects.",0.5423,Positive,0.123,0.0,0.877
Are Wall Street Analysts Predicting IDEX Stock Will Climb or Sink?,"IDEX has outperformed the broader market over the past year, and analysts are cautiously optimistic about the stock’s prospects.","Northbrook, Illinois-based IDEX Corporation (IEX) offers applied solutions globally. Valued at $17.3 billion by market cap, the company has a diverse portfolio of over 50 businesses, offering products like industrial pumps, lubrication systems, bandi... [2119 chars]",https://www.barchart.com/story/news/4218747/are-wall-street-analysts-predicting-idex-stock-will-climb-or-sink,2026-08-27 15:00:48+00:00,Barchart,https://www.barchart.com,2026-09-18 08:31:45.702925+00:00,0.0,Neutral,"Are Wall Street Analysts Predicting IDEX Stock Will Climb or Sink?. IDEX has outperformed the broader market over the past year, and analysts are cautiously optimistic about the stock’s prospects.",0.5423,Positive,0.138,0.0,0.862
Essex Property Trust Stock Outlook: Is Wall Street Bullish or Bearish?,"Essex Property Trust has underperformed the broader market over the past year, but analysts are cautiously optimistic about the stock’s prospects.","San Mateo, California-based Essex Property Trust, Inc. (ESS) acquires, develops, redevelops, and manages multifamily residential properties in selected West Coast markets. With a market cap of $18.5 billion, the company has ownership interests in 256... [2562 chars]",https://www.barchart.com/story/news/4219189/essex-property-trust-stock-outlook-is-wall-street-bullish-or-bearish,2026-08-27 15:04:52+00:00,Barchart,https://www.barchart.com,2026-09-18 08:31:45.702925+00:00,0.5106,Positive,"Essex Property Trust Stock Outlook: Is Wall Street Bullish or Bearish?. Essex Property Trust has underperformed the broader market over the past year, but analysts are cautiously optimistic about the stock’s prospects.",0.8422,Positive,0.264,0.0,0.736
Are Wall Street Analysts Predicting United Rentals Stock Will Climb or Sink?,"Although United Rentals has lagged behind the broader market over the past year, Wall Street analysts maintain a strongly optimistic outlook on the stock’s prospects.","With a market cap of $65.8 billion, United Rentals, Inc. (URI) is a leading equipment rental company operating through its General Rentals and Specialty segments across the United States, Canada, Europe, Australia, and New Zealand. The company provid... [2142 chars]",https://www.barchart.com/story/news/4220794/are-wall-street-analysts-predicting-united-rentals-stock-will-climb-or-sink,2026-08-27 15:28:46+00:00,Barchart,https://www.barchart.com,2026-09-18 08:31:45.702925+00:00,0.4215,Positive,"Are Wall Street Analysts Predicting United Rentals Stock Will Climb or Sink?. Although United Rentals has lagged behind the broader market over the past year, Wall Street analysts maintain a strongly optimistic outlook on the stock’s prospects.",0.8402,Positive,0.269,0.048,0.683
Nvidia (NVDA) Earns Price-Target Upgrades After Monster Q2,"Nvidia's beat-and-raise second quarter, as well as expectations for red-hot top-line growth next fiscal year, prompted several Wall Street analysts to upwardly revise their price targets on NVDA stock.",Nvidia (NVDA) soared on Thursday following a blowout fiscal second-quarter earnings report the night before—an announcement that had the Wall Street analyst community resetting their already lofty price targets for NVDA stock even higher. On Wednesda... [6400 chars],https://www.barchart.com/story/news/4226448/nvidia-nvda-earns-price-target-upgrades-after-monster-q2,2026-08-27 16:41:44+00:00,Barchart,https://www.barchart.com,2026-09-18 08:31:45.702925+00:00,0.0,Neutral,"Nvidia (NVDA) Earns Price-Target Upgrades After Monster Q2. Nvidia's beat-and-raise second quarter, as well as expectations for red-hot top-line growth next fiscal year, prompted several Wall Street analysts to upwardly revise their price targets on NVDA stock.",0.5719,Positive,0.118,0.0,0.882
How major US stock indexes fared Thursday 8,"Technology stocks led Wall Street after Nvidia, Salesforce and others reported fatter profits for the spring than expected. The S&P 500 rose 0.7% Thursday a","Technology stocks led Wall Street after Nvidia, Salesforce and others reported fatter profits for the spring than expected. The S&P 500 rose 0.7% Thursday and pulled closer to its record set earlier this month. The Dow Jones Industrial Average added ... [1998 chars]",https://wtop.com/national/2026/08/how-major-us-stock-indexes-fared-thursday-8-27-2026/,2026-08-27 20:24:38+00:00,WTOP,https://wtop.com,2026-09-18 08:31:45.702925+00:00,0.0,Neutral,"How major US stock indexes fared Thursday 8. Technology stocks led Wall Street after Nvidia, Salesforce and others reported fatter profits for the spring than expected. The S&P 500 rose 0.7% Thursday a",0.4404,Positive,0.083,0.0,0.917
"Rubrik Earnings, Revenue Handily Beat Wall Street Targets",Rubrik reported Q2 financial results that handily beat consensus estimates. But Rubrik stock fell amid a big run-up in 2026.,"Information in Investor’s Business Daily is for informational and educational purposes only and should not be construed as an offer, recommendation, solicitation, or rating to buy or sell securities. The information has been obtained from sources we ... [1013 chars]",https://www.investors.com/news/technology/rubrik-stock-rbrk-rubrik-earnings-news-q22026/,2026-08-27 20:29:57+00:00,Investor's Business Daily,https://www.investors.com,2026-09-18 08:31:45.702925+00:00,0.0,Neutral,"Rubrik Earnings, Revenue Handily Beat Wall Street Targets. Rubrik reported Q2 financial results that handily beat consensus estimates. But Rubrik stock fell amid a big run-up in 2026.",0.0,Neutral,0.0,0.0,1.0
AutoZone Stock Outlook: Is Wall Street Bullish or Bearish?,"AutoZone has underperformed the broader market over the past year, but analysts are highly optimistic about the stock’s prospects.","Memphis, Tennessee-based AutoZone, Inc. (AZO) operates as a retailer and distributor of automotive replacement parts and accessories. Valued at $47.9 billion by market cap, the company offers an extensive product line for cars, sport utility vehicles... [2089 chars]",https://www.barchart.com/story/news/4311423/autozone-stock-outlook-is-wall-street-bullish-or-bearish,2026-08-28 12:16:00+00:00,Barchart,https://www.barchart.com,2026-09-18 08:31:46.672593+00:00,0.0,Neutral,"AutoZone Stock Outlook: Is Wall Street Bullish or Bearish?. AutoZone has underperformed the broader market over the past year, but analysts are highly optimistic about the stock’s prospects.",0.7343,Positive,0.192,0.0,0.808
What Are Wall Street Analysts' Target Price for Hormel Foods Stock?,"Hormel Foods has underperformed the broader market over the past year, and analysts remain cautious about the stock.","Based in Austin, Minnesota, Hormel Foods Corporation (HRL) is a global branded food powerhouse generating more than $12 billion in annual revenue. Its impressive portfolio spans some of the most recognizable names in the food industry, including Plan... [3328 chars]",https://www.barchart.com/story/news/4316656/what-are-wall-street-analysts-target-price-for-hormel-foods-stock,2026-08-28 13:16:32+00:00,Barchart,https://www.barchart.com,2026-09-18 08:31:46.672593+00:00,0.0,Neutral,"What Are Wall Street Analysts' Target Price for Hormel Foods Stock?. Hormel Foods has underperformed the broader market over the past year, and analysts remain cautious about the stock.",-0.1027,Negative,0.0,0.048,0.952
Wall Street is stuck in a holding pattern ahead of a big speech by the head of the Federal Reserve,The U.S. stock market is stuck in a holding pattern in the countdown to a highly anticipated speech by the head of the Federal Reserve,NEW YORK (AP) — The U.S. stock market is stuck in a holding pattern in the countdown to a highly anticipated speech by the head of the Federal Reserve. The S&P 500 rose 0.1% in early on Friday trading. The Dow Jones Industrial Average added 140 point... [2671 chars],https://www.barchart.com/story/news/4278117/wall-street-is-stuck-in-a-holding-pattern-ahead-of-a-big-speech-by-the-head-of-the-federal-reserve,2026-08-28 13:34:41+00:00,Barchart,https://www.barchart.com,2026-09-18 08:31:46.672593+00:00,-0.25,Negative,Wall Street is stuck in a holding pattern ahead of a big speech by the head of the Federal Reserve. The U.S. stock market is stuck in a holding pattern in the countdown to a highly anticipated speech by the head of the Federal Reserve,-0.4588,Negative,0.0,0.085,0.915
FactSet Stock Outlook: Is Wall Street Bullish or Bearish?,"As FactSet has underperformed the broader market over the past year, Wall Street analysts maintain a cautious outlook about the stock’s prospects.","With a market cap of $10.8 billion, FactSet Research Systems Inc. (FDS) is a global financial intelligence provider offering enterprise data, analytics, and technology solutions that help clients make faster, smarter decisions. With more than 47 year... [2063 chars]",https://www.barchart.com/story/news/4318125/factset-stock-outlook-is-wall-street-bullish-or-bearish,2026-08-28 13:36:35+00:00,Barchart,https://www.barchart.com,2026-09-18 08:31:46.672593+00:00,0.0,Neutral,"FactSet Stock Outlook: Is Wall Street Bullish or Bearish?. As FactSet has underperformed the broader market over the past year, Wall Street analysts maintain a cautious outlook about the stock’s prospects.",0.2023,Positive,0.067,0.043,0.89
Do Wall Street Analysts Like Workday Stock?,"Although Workday has underperformed the broader market over the past year, Wall Street analysts maintain a moderately optimistic outlook on the stock’s prospects.","With a market cap of $47.8 billion, Workday, Inc. (WDAY) is a leading enterprise platform that powers HR, finance, and IT operations with AI-driven solutions built on trusted business processes. Trusted by more than 11,500 organizations worldwide, Wo... [1938 chars]",https://www.barchart.com/story/news/4321990/do-wall-street-analysts-like-workday-stock,2026-08-28 14:42:14+00:00,Barchart,https://www.barchart.com,2026-09-18 08:31:46.672593+00:00,0.3612,Positive,"Do Wall Street Analysts Like Workday Stock?. Although Workday has underperformed the broader market over the past year, Wall Street analysts maintain a moderately optimistic outlook on the stock’s prospects.",0.7184,Positive,0.206,0.0,0.794
Everest Group Stock: Analyst Estimates & Ratings,"Although Everest Group has underperformed the SPX over the past year, Wall Street analysts maintain a moderately optimistic outlook about the stock’s prospects.","Valued at a market cap of $14.5 billion, Everest Group, Ltd. (EG) is a global provider of reinsurance and insurance products through its Insurance and Reinsurance segments. The company offers a wide range of property and casualty, specialty, and comm... [2038 chars]",https://www.barchart.com/story/news/4323127/everest-group-stock-analyst-estimates-ratings,2026-08-28 15:38:55+00:00,Barchart,https://www.barchart.com,2026-09-18 08:31:46.672593+00:00,0.0,Neutral,"Everest Group Stock: Analyst Estimates & Ratings. Although Everest Group has underperformed the SPX over the past year, Wall Street analysts maintain a moderately optimistic outlook about the stock’s prospects.",0.5423,Positive,0.138,0.0,0.862
"Sandisk Stock Could Nearly Double to $3,000, According to Wall Street","SNDK stock has a $3,000 high price target. These catalysts could make it possible.","Sandisk (SNDK) has had an extraordinary run this year, skyrocketing 525% so far in 2026. Yet SNDK stock has also recently stumbled, falling 7% over the past five days and sitting 37% below its 52-week high of $2,354.39, giving investors plenty of rea... [4954 chars]",https://www.barchart.com/story/news/4324927/sandisk-stock-could-nearly-double-to-3-000-according-to-wall-street,2026-08-28 17:31:50+00:00,Barchart,https://www.barchart.com,2026-09-18 08:31:46.672593+00:00,0.0,Neutral,"Sandisk Stock Could Nearly Double to $3,000, According to Wall Street. SNDK stock has a $3,000 high price target. These catalysts could make it possible.",0.0,Neutral,0.0,0.0,1.0
What Are Wall Street Analysts' Target Price for Fair Isaac Stock?,"Although Fair Isaac has underperformed the broader market over the past year, Wall Street analysts maintain a moderately optimistic outlook on the stock’s prospects.","With a market cap of around $25 billion, Fair Isaac Corporation (FICO) is a pioneer in predictive analytics and data science, helping businesses make smarter decisions across financial services, insurance, telecommunications, healthcare, retail, and ... [2116 chars]",https://www.barchart.com/story/news/4325705/what-are-wall-street-analysts-target-price-for-fair-isaac-stock,2026-08-28 18:03:56+00:00,Barchart,https://www.barchart.com,2026-09-18 08:31:46.672593+00:00,0.3182,Positive,"What Are Wall Street Analysts' Target Price for Fair Isaac Stock?. Although Fair Isaac has underperformed the broader market over the past year, Wall Street analysts maintain a moderately optimistic outlook on the stock’s prospects.",0.7964,Positive,0.227,0.0,0.773
Buy/Sell: Wall Street’s top 10 stock calls this week,What has Wall Street been buzzing about this week? Here are the top 5 Buy calls and the top 5 Sell calls made by Wall Street’s best analysts dur...,What has Wall Street been buzzing about this week? Here are the top 5 Buy calls and the top 5 Sell calls made by Wall Street’s best analysts during the week of August 24-28. Find all top-rated stocks by the best-rated analysts on TipRanks. Top 5 Buy ... [5869 chars],https://markets.businessinsider.com/news/stocks/buy-sell-wall-street-s-top-10-stock-calls-this-week-1036504405,2026-08-28 18:40:32+00:00,Markets Insider,https://markets.businessinsider.com,2026-09-18 08:31:46.672593+00:00,0.2023,Positive,Buy/Sell: Wall Street’s top 10 stock calls this week. What has Wall Street been buzzing about this week? Here are the top 5 Buy calls and the top 5 Sell calls made by Wall Street’s best analysts dur...,0.8225,Positive,0.22,0.0,0.78
Ethena is targeting the $120 trillion Wall Street stock market to hunt yields 5x higher than Bitcoin,Ethena is expanding into equity basis trades as its USDe synthetic dollar fights to recover billions in lost supply.,"Ethena is expanding USDe into equity perpetual-basis trades, targeting funding yields more than five times higher than Bitcoin’s as the synthetic dollar looks to recover from its 2026 contraction. On Aug. 28, Ethena revealed plans to extend the basis... [7046 chars]",https://cryptoslate.com/ethena-is-targeting-the-120-trillion-wall-street-stocks-market-to-hunt-yields-5x-higher-than-bitcoin/,2026-08-28 21:30:27+00:00,CryptoSlate,https://cryptoslate.com,2026-09-18 08:31:46.672593+00:00,0.0,Neutral,Ethena is targeting the $120 trillion Wall Street stock market to hunt yields 5x higher than Bitcoin. Ethena is expanding into equity basis trades as its USDe synthetic dollar fights to recover billions in lost supply.,-0.6124,Negative,0.0,0.128,0.872
How Is UnitedHealth Group's Stock Performance Compared to Other Healthcare Plan Stocks?,"As UnitedHealth Group has outperformed relative to its industry peers over the past year, Wall Street analysts remain bullish about the stock’s prospects.","With a market cap of $352.7 billion, UnitedHealth Group Incorporated (UNH) is a diversified health care company operating globally through four main segments: UnitedHealthcare, Optum Health, Optum Insight, and Optum Rx. Its businesses provide health ... [1980 chars]",https://www.barchart.com/story/news/4342224/how-is-unitedhealth-group-s-stock-performance-compared-to-other-healthcare-plan-stocks,2026-08-30 05:48:07+00:00,Barchart,https://www.barchart.com,2026-09-18 08:31:48.150314+00:00,0.0,Neutral,"How Is UnitedHealth Group's Stock Performance Compared to Other Healthcare Plan Stocks?. As UnitedHealth Group has outperformed relative to its industry peers over the past year, Wall Street analysts remain bullish about the stock’s prospects.",0.296,Positive,0.061,0.0,0.939
Is Coca-Cola Stock Outperforming the Nasdaq?,"As Coca-Cola has outpaced the broader Nasdaq Composite over the past year, Wall Street analysts remain strongly optimistic about the stock’s prospects.","With a market cap of $385.8 billion, The Coca-Cola Company (KO) is a global beverage leader with brands sold across more than 200 countries and territories, serving about 2.2 billion drinks every day. Its portfolio spans sparkling soft drinks, water,... [2038 chars]",https://www.barchart.com/story/news/4342994/is-coca-cola-stock-outperforming-the-nasdaq,2026-08-30 08:37:19+00:00,Barchart,https://www.barchart.com,2026-09-18 08:31:48.150314+00:00,0.0,Neutral,"Is Coca-Cola Stock Outperforming the Nasdaq?. As Coca-Cola has outpaced the broader Nasdaq Composite over the past year, Wall Street analysts remain strongly optimistic about the stock’s prospects.",0.6808,Positive,0.209,0.0,0.791
2 ‘Perfect 10’ Stocks Wall Street Is Betting On,"There is rarely one thing that makes a stock worth buying. An attractive valuation can sit alongside weak sentiment, strong earnings can be offs...","There is rarely one thing that makes a stock worth buying. An attractive valuation can sit alongside weak sentiment, strong earnings can be offset by rising expenses, and an improving outlook can come with a demanding price tag. A stock becomes more ... [9073 chars]",https://markets.businessinsider.com/news/stocks/2-perfect-10-stocks-wall-street-is-betting-on-1036505027,2026-08-30 10:00:00+00:00,Markets Insider,https://markets.businessinsider.com,2026-09-18 08:31:48.150314+00:00,0.0,Neutral,"2 ‘Perfect 10’ Stocks Wall Street Is Betting On. There is rarely one thing that makes a stock worth buying. An attractive valuation can sit alongside weak sentiment, strong earnings can be offs...",0.6369,Positive,0.202,0.072,0.725
Is Advanced Micro Devices Stock Outperforming the Dow?,"As Advanced Micro Devices has outperformed relative to the Dow over the past year, Wall Street analysts maintain a bullish outlook on the stock’s prospects.","With a market cap of $760 billion, Advanced Micro Devices, Inc. (AMD) is a high-performance and AI computing company focused on driving innovation across cloud, AI infrastructure, embedded systems, AI PCs and gaming. Its broad portfolio includes AI-o... [1741 chars]",https://www.barchart.com/story/news/4344192/is-advanced-micro-devices-stock-outperforming-the-dow,2026-08-30 12:29:44+00:00,Barchart,https://www.barchart.com,2026-09-18 08:31:48.150314+00:00,0.25,Positive,"Is Advanced Micro Devices Stock Outperforming the Dow?. As Advanced Micro Devices has outperformed relative to the Dow over the past year, Wall Street analysts maintain a bullish outlook on the stock’s prospects.",0.6369,Positive,0.171,0.0,0.829
PepsiCo Stock: Is PEP Underperforming the Consumer Defensive Sector?,"Although PepsiCo has underperformed relative to the consumer defensive sector over the past year, Wall Street analysts maintain a moderately optimistic outlook on the stock’s prospects.","With a market cap of $192.5 billion, PepsiCo, Inc. (PEP) is a global leader in the manufacture, marketing, distribution, and sale of a broad range of beverages and convenient foods. The company distributes its products through direct-store-delivery, ... [2247 chars]",https://www.barchart.com/story/news/4346090/pepsico-stock-is-pep-underperforming-the-consumer-defensive-sector,2026-08-30 18:26:50+00:00,Barchart,https://www.barchart.com,2026-09-18 08:31:48.150314+00:00,0.0258,Neutral,"PepsiCo Stock: Is PEP Underperforming the Consumer Defensive Sector?. Although PepsiCo has underperformed relative to the consumer defensive sector over the past year, Wall Street analysts maintain a moderately optimistic outlook on the stock’s prospects.",0.5719,Positive,0.178,0.0,0.822
Wall Street Sees Nvidia Stock Hitting $324. Here’s Why NVDA Could Go Even Higher.,"Wall Street appears optimistic. Analysts have set an average 12-month price target of about $324.44 for Nvidia stock, suggesting roughly 47% upside from current levels.","Nvidia (NVDA) has been putting up strong financial results quarter after quarter, and the ongoing artificial intelligence (AI) boom is a big reason why. With spending on AI infrastructure growing, it is creating strong demand for Nvidia’s chips and t... [4630 chars]",https://www.barchart.com/story/news/4372048/wall-street-sees-nvidia-stock-hitting-324-heres-why-nvda-could-go-even-higher,2026-09-01 11:30:02+00:00,Barchart,https://www.barchart.com,2026-09-18 08:31:49.715362+00:00,0.0,Neutral,"Wall Street Sees Nvidia Stock Hitting $324. Here’s Why NVDA Could Go Even Higher.. Wall Street appears optimistic. Analysts have set an average 12-month price target of about $324.44 for Nvidia stock, suggesting roughly 47% upside from current levels.",0.3182,Positive,0.057,0.0,0.943
Is Micron Technology Stock Outperforming the Nasdaq?,"Due to Micron Technology’s outperformance relative to the broader Nasdaq Composite over the past year, Wall Street analysts remain strongly optimistic about the stock’s prospects.","With a market cap of $1.1 trillion, Micron Technology, Inc. (MU) is a leading provider of innovative memory and storage solutions that support the growing global data economy. The company offers a broad portfolio of high-performance DRAM, NAND, and N... [2045 chars]",https://www.barchart.com/story/news/4377317/is-micron-technology-stock-outperforming-the-nasdaq,2026-09-01 13:39:13+00:00,Barchart,https://www.barchart.com,2026-09-18 08:31:49.715362+00:00,0.0,Neutral,"Is Micron Technology Stock Outperforming the Nasdaq?. Due to Micron Technology’s outperformance relative to the broader Nasdaq Composite over the past year, Wall Street analysts remain strongly optimistic about the stock’s prospects.",0.6808,Positive,0.185,0.0,0.815
Why Analysts Think Sellas Life Sciences Stock Can Gain 150% From Here,"Sellas is gaining Wall Street’s attention as clinical progress, upcoming catalysts, and positive analyst sentiment strengthen the case for further upside.","The biotechnology sector has long rewarded companies that can translate early clinical promise into late-stage validation, and nowhere is that dynamic more pronounced than in oncology. Acute myeloid leukemia (AML) remains one of the most challenging ... [4448 chars]",https://www.barchart.com/story/news/4379213/why-analysts-think-sellas-life-sciences-stock-can-gain-150-from-here,2026-09-01 14:52:03+00:00,Barchart,https://www.barchart.com,2026-09-18 08:31:49.715362+00:00,0.5267,Positive,"Why Analysts Think Sellas Life Sciences Stock Can Gain 150% From Here. Sellas is gaining Wall Street’s attention as clinical progress, upcoming catalysts, and positive analyst sentiment strengthen the case for further upside.",0.9313,Positive,0.347,0.0,0.653
Is ConocoPhillips Stock Outperforming the Dow?,"As ConocoPhillips has outperformed relative to the Dow over the past year, Wall Street analysts maintain a strongly optimistic outlook on the stock’s prospects.","With a market cap of $159.2 billion, ConocoPhillips (COP) is a leading global energy company primarily engaged in the exploration, production, transportation, and marketing of oil and natural gas. With a strong portfolio spanning conventional and unc... [1838 chars]",https://www.barchart.com/story/news/4379244/is-conocophillips-stock-outperforming-the-dow,2026-09-01 14:53:45+00:00,Barchart,https://www.barchart.com,2026-09-18 08:31:49.715362+00:00,0.0,Neutral,"Is ConocoPhillips Stock Outperforming the Dow?. As ConocoPhillips has outperformed relative to the Dow over the past year, Wall Street analysts maintain a strongly optimistic outlook on the stock’s prospects.",0.6808,Positive,0.196,0.0,0.804
SpaceX Stock Is Rising And Wall Street Has A Lot Riding On It,"SpaceX stock is rising as Wall Street turns bullish. Jim Osman examines analyst targets, IPO incentives and the changing ownership behind the rally.",SpaceX stock is back above its $135 IPO price after one of the more unusual ownership transitions I have seen around a newly public company. Scarcity partly drove the early trade. Then attention shifted almost entirely to the lockup calendar and the ... [9803 chars],https://www.forbes.com/sites/jimosman/2026/09/01/spacex-stock-is-rising-and-wall-street-has-a-lot-riding-on-it/,2026-09-01 15:19:59+00:00,Forbes,https://www.forbes.com,2026-09-18 08:31:49.715362+00:00,0.0,Neutral,"SpaceX Stock Is Rising And Wall Street Has A Lot Riding On It. SpaceX stock is rising as Wall Street turns bullish. Jim Osman examines analyst targets, IPO incentives and the changing ownership behind the rally.",0.3182,Positive,0.062,0.0,0.938
Uber Technologies Stock: Is UBER Underperforming the Technology Sector?,"Although Uber Technologies has lagged behind the technology sector over the past year, Wall Street analysts maintain a strongly optimistic outlook on the stock’s prospects.","With a market cap of $154.5 billion, Uber Technologies, Inc. (UBER) is a global technology company that provides a platform for transportation, delivery, and logistics services. The company’s offerings span Mobility, Delivery, and Freight, providing ... [1888 chars]",https://www.barchart.com/story/news/4380533/uber-technologies-stock-is-uber-underperforming-the-technology-sector,2026-09-01 15:52:44+00:00,Barchart,https://www.barchart.com,2026-09-18 08:31:49.715362+00:00,0.0,Neutral,"Uber Technologies Stock: Is UBER Underperforming the Technology Sector?. Although Uber Technologies has lagged behind the technology sector over the past year, Wall Street analysts maintain a strongly optimistic outlook on the stock’s prospects.",0.483,Positive,0.169,0.063,0.768
How Is ServiceNow's Stock Performance Compared to Other Software - Application Stocks?,"Despite ServiceNow’s weak performance relative to its peers over the past year, Wall Street analysts remain moderately optimistic about the stock’s prospects","With a market cap of $153 billion, ServiceNow, Inc. (NOW) is a leading provider of cloud-based digital workflow solutions that help organizations automate and streamline business operations across industries worldwide. The company offers a comprehens... [1914 chars]",https://www.barchart.com/story/news/4382940/how-is-servicenow-s-stock-performance-compared-to-other-software-application-stocks,2026-09-01 18:14:28+00:00,Barchart,https://www.barchart.com,2026-09-18 08:31:49.715362+00:00,0.0,Neutral,"How Is ServiceNow's Stock Performance Compared to Other Software - Application Stocks?. Despite ServiceNow’s weak performance relative to its peers over the past year, Wall Street analysts remain moderately optimistic about the stock’s prospects",0.7101,Positive,0.182,0.0,0.818
Dell Stock Surges As Computer Maker Trounces Estimates,Dell Technologies crushed Wall Street's targets for its fiscal second quarter and with its outlook. Dell stock surged in extended trading.,"Information in Investor’s Business Daily is for informational and educational purposes only and should not be construed as an offer, recommendation, solicitation, or rating to buy or sell securities. The information has been obtained from sources we ... [1013 chars]",https://www.investors.com/news/technology/dell-stock-fiscal-q2-2027-earnings/,2026-09-01 20:17:51+00:00,Investor's Business Daily,https://www.investors.com,2026-09-18 08:31:49.715362+00:00,0.0,Neutral,Dell Stock Surges As Computer Maker Trounces Estimates. Dell Technologies crushed Wall Street's targets for its fiscal second quarter and with its outlook. Dell stock surged in extended trading.,-0.4215,Negative,0.0,0.091,0.909
"What Is 'Red September'? Bitcoin's Curse, and Why Wall Street Has the Same One","Bitcoin has lost ground in eight of the last 13 Septembers. The stock market's had the same problem since 1928. Here's the case for the curse, what broke it last year, and what's coming in the next round.","Bitcoin investors have lost money in eight of the last 13 Septembers. The S&P 500 has averaged a loss in September since 1945, and researchers at Yardeni have traced the pattern all the way back to 1928. Bitcoin didn't invent this curse, but still th... [5773 chars]",https://decrypt.co/377100/what-is-red-september-bitcoin-curse,2026-09-01 20:31:05+00:00,Decrypt,https://decrypt.co,2026-09-18 08:31:49.715362+00:00,-0.5423,Negative,"What Is 'Red September'? Bitcoin's Curse, and Why Wall Street Has the Same One. Bitcoin has lost ground in eight of the last 13 Septembers. The stock market's had the same problem since 1928. Here's the case for the curse, what broke it last year, and what's coming in the next round.",-0.93,Negative,0.0,0.239,0.761
How major US stock indexes fared Tuesday 9,"Stocks fell on Wall Street as another round of U.S. military strikes on Iran sent oil prices higher, stoking worries about stubbornly high inflation. Bond yield","Stocks fell on Wall Street as another round of U.S. military strikes on Iran sent oil prices higher, stoking worries about stubbornly high inflation. Bond yields moved higher, putting even more pressure on stocks. The S&P 500 fell 0.7% Tuesday. The D... [1804 chars]",https://wtop.com/national/2026/09/how-major-us-stock-indexes-fared-tuesday-9-1-2026/,2026-09-01 21:37:59+00:00,WTOP,https://wtop.com,2026-09-18 08:31:49.715362+00:00,0.0,Neutral,"How major US stock indexes fared Tuesday 9. Stocks fell on Wall Street as another round of U.S. military strikes on Iran sent oil prices higher, stoking worries about stubbornly high inflation. Bond yield",-0.7717,Negative,0.0,0.199,0.801
Dow Jumps 624 Points as Treasury Yields Ease: Stock Market Today,"Snowflake's post-earnings pop gave software stocks a boost, while retreating Treasury yields supported a broader rally on Wall Street.","Stocks jumped out of the gate Thursday and kept climbing into the close as market participants cheered easing Treasury yields and pulled back their rate-hike bets. Strong gains for several mega-cap stocks also kept the wind at the market's back, with... [4341 chars]",https://www.kiplinger.com/investing/stocks/dow-jumps-624-points-as-treasury-yields-pull-back-stock-market-today,2026-09-03 20:10:48+00:00,Kiplinger,https://www.kiplinger.com,2026-09-18 08:31:51.136825+00:00,0.5106,Positive,"Dow Jumps 624 Points as Treasury Yields Ease: Stock Market Today. Snowflake's post-earnings pop gave software stocks a boost, while retreating Treasury yields supported a broader rally on Wall Street.",0.8442,Positive,0.307,0.0,0.693
Robinhood Stock Is Surging. These Wall Street Analysts Say They’re Growing More Bullish,Robinhood’s stock led the S&P 500 higher Thursday. Several Wall Street analysts say they’ve been growing more bullish on the stock lately.,"Robinhood’s stock led markets higher Thursday. Several Wall Street analysts say they’ve been growing more bullish on the stock lately. Shares of Robinhood (HOOD) jumped nearly 17% to finish Thursday’s session just under $125, making it the biggest ga... [1645 chars]",https://www.investopedia.com/market-update-robinhood-stock-is-surging-these-wall-street-analysts-say-theyre-growing-more-bullish-hood-12107158,2026-09-03 20:39:07+00:00,Investopedia,https://www.investopedia.com,2026-09-18 08:31:51.136825+00:00,0.1779,Positive,Robinhood Stock Is Surging. These Wall Street Analysts Say They’re Growing More Bullish. Robinhood’s stock led the S&P 500 higher Thursday. Several Wall Street analysts say they’ve been growing more bullish on the stock lately.,0.34,Positive,0.093,0.0,0.907
Cramer says buy this retail stock after the market got its latest quarter all wrong,CNBC’s Jim Cramer said Wall Street is misreading Five Below’s latest quarter by focusing on slowing comparable sales growth despite another beat and raise.,"Wall Street is misreading Five Below's latest quarterly results, giving investors an opportunity to scoop up shares at a better price, CNBC's Jim Cramer said Wednesday. Shares of Five Below popped at Thursday's open after the discount retailer beat e... [2415 chars]",https://www.cnbc.com/2026/09/03/cramer-says-buy-five-below.html,2026-09-03 22:49:35+00:00,CNBC,https://www.cnbc.com,2026-09-18 08:31:51.136825+00:00,-0.4767,Negative,Cramer says buy this retail stock after the market got its latest quarter all wrong. CNBC’s Jim Cramer said Wall Street is misreading Five Below’s latest quarter by focusing on slowing comparable sales growth despite another beat and raise.,-0.128,Negative,0.061,0.073,0.867
How major US stock indexes fared Friday 9,Stocks fell on Wall Street and Treasury yields rose after a surprisingly strong report on the job market appeared to increase chances that the U.S. central bank,Stocks fell on Wall Street and Treasury yields rose after a surprisingly strong report on the job market appeared to increase chances that the U.S. central bank could raise interest rates later this month. The S&P 500 lost 0.4% Friday. The Dow Jones ... [1004 chars],https://wtop.com/national/2026/09/how-major-us-stock-indexes-fared-friday-9-4-2026/,2026-09-05 00:06:49+00:00,WTOP,https://wtop.com,2026-09-18 08:31:52.725655+00:00,0.0,Neutral,How major US stock indexes fared Friday 9. Stocks fell on Wall Street and Treasury yields rose after a surprisingly strong report on the job market appeared to increase chances that the U.S. central bank,0.8555,Positive,0.275,0.0,0.725
Asian shares are mixed as chipmaker shares rally in Tokyo and Seoul,"Asian shares are mixed, with benchmarks in Tokyo and Seoul leading gains thanks to buying of computer chipmakers. Brent crude oil inched closer to $100 a barrel as the U.S. military denied Iran had struck an uncrewed American military vessel in the Strait of Hormuz, which remains effectively closed. U.S. stock markets will be closed Monday for the Labor Day holiday. Wall Street ended last week with declines, while U.S. Treasury yields rose after a surprisingly strong report on the job market. That appears to increase chances the central bank could raise interest rates later this month when policymakers meet.","TOKYO (AP) — Asian shares were trading mixed on Monday, with benchmarks in Tokyo and Seoul leading gains thanks to buying of computer chipmakers' stocks. Japan's benchmark Nikkei 225 added 1.7% to 66,104.93, while South Korea’s Kospi jumped 3.3% to 6... [432 chars]",https://www.ajc.com/news/2026/09/asian-shares-are-mixed-as-chipmaker-shares-rally-in-tokyo-and-seoul/,2026-09-07 04:03:30+00:00,The Atlanta Journal-Constitution,https://www.ajc.com,2026-09-18 08:31:54.593283+00:00,0.5267,Positive,"Asian shares are mixed as chipmaker shares rally in Tokyo and Seoul. Asian shares are mixed, with benchmarks in Tokyo and Seoul leading gains thanks to buying of computer chipmakers. Brent crude oil inched closer to $100 a barrel as the U.S. military denied Iran had struck an uncrewed American military vessel in the Strait of Hormuz, which remains effectively closed. U.S. stock markets will be closed Monday for the Labor Day holiday. Wall Street ended last week with declines, while U.S. Treasury yields rose after a surprisingly strong report on the job market. That appears to increase chances the central bank could raise interest rates later this month when policymakers meet.",0.9601,Positive,0.234,0.063,0.703
"The Stock Market Is Flashing a Warning Seen Only 6 Times Since 1871, and History Is Crystal Clear That a Disaster Could Be Heading Toward Wall Street","There is a reason the S&P 500 (SNPINDEX: ^GSPC), Dow Jones Industrial Average (DJINDICES: ^DJI), and Nasdaq Composite (NASDAQINDEX: ^IXIC) are among the","There is a reason the S&P 500 (SNPINDEX: ^GSPC), Dow Jones Industrial Average (DJINDICES: ^DJI), and Nasdaq Composite (NASDAQINDEX: ^IXIC) are among the greatest wealth creation vehicles in financial history. With indexes, you don’t need to time the ... [8239 chars]",https://www.europesays.com/3238028/,2026-09-07 10:41:22+00:00,EUROPE SAYS,https://www.europesays.com,2026-09-18 08:31:54.593283+00:00,-0.5994,Negative,"The Stock Market Is Flashing a Warning Seen Only 6 Times Since 1871, and History Is Crystal Clear That a Disaster Could Be Heading Toward Wall Street. There is a reason the S&P 500 (SNPINDEX: ^GSPC), Dow Jones Industrial Average (DJINDICES: ^DJI), and Nasdaq Composite (NASDAQINDEX: ^IXIC) are among the",-0.5994,Negative,0.046,0.116,0.838
Why Robinhood Stock (HOOD) Jumped 36% in August and What Wall Street Sees Next,"Robinhood Markets (HOOD) was the best-performing major financial stock in August, jumping 36.03% compared with just a 0.54% gain for the Financi...","Robinhood Markets (HOOD) was the best-performing major financial stock in August, jumping 36.03% compared with just a 0.54% gain for the Financial Select Sector SPDR Fund (XLF). The rally came as investors responded to stronger trading activity and R... [3014 chars]",https://markets.businessinsider.com/news/stocks/why-robinhood-stock-hood-jumped-36-in-august-and-what-wall-street-sees-next-1036526840,2026-09-07 13:13:05+00:00,Markets Insider,https://markets.businessinsider.com,2026-09-18 08:31:54.593283+00:00,0.0,Neutral,"Why Robinhood Stock (HOOD) Jumped 36% in August and What Wall Street Sees Next. Robinhood Markets (HOOD) was the best-performing major financial stock in August, jumping 36.03% compared with just a 0.54% gain for the Financi...",0.5267,Positive,0.089,0.0,0.911
"Rocket Lab Stock (RKLB) Slips 8% YTD, but Wall Street Stays Bullish","Rocket Lab (RKLB) stock is down about 8% year-to-date due to concerns about delays in the rollout of the Neutron rocket. Moreover, shares of spa...","Rocket Lab (RKLB) stock is down about 8% year-to-date due to concerns about delays in the rollout of the Neutron rocket. Moreover, shares of space stocks and other tech players have been volatile amid concerns about valuation and broader market press... [2909 chars]",https://markets.businessinsider.com/news/stocks/rocket-lab-stock-rklb-slips-8-ytd-but-wall-street-stays-bullish-1036526868,2026-09-07 14:04:07+00:00,Markets Insider,https://markets.businessinsider.com,2026-09-18 08:31:54.593283+00:00,0.0,Neutral,"Rocket Lab Stock (RKLB) Slips 8% YTD, but Wall Street Stays Bullish. Rocket Lab (RKLB) stock is down about 8% year-to-date due to concerns about delays in the rollout of the Neutron rocket. Moreover, shares of spa...",0.4215,Positive,0.072,0.0,0.928
Oracle Stock Technical Indicators Flash ‘Buy’ Signal Ahead of Q1 Results,Oracle (ORCL) stock is heading into its fiscal first-quarter earnings report with its technical indicators flashing a Buy signal. Wall Street is...,"Oracle (ORCL) stock is heading into its fiscal first-quarter earnings report with its technical indicators flashing a Buy signal. Wall Street is also expecting strong growth, although concerns remain over the company’s heavy spending on AI infrastruc... [2952 chars]",https://markets.businessinsider.com/news/stocks/oracle-stock-technical-indicators-flash-buy-signal-ahead-of-q1-results-1036526886,2026-09-07 14:35:00+00:00,Markets Insider,https://markets.businessinsider.com,2026-09-18 08:31:54.593283+00:00,0.0,Neutral,Oracle Stock Technical Indicators Flash ‘Buy’ Signal Ahead of Q1 Results. Oracle (ORCL) stock is heading into its fiscal first-quarter earnings report with its technical indicators flashing a Buy signal. Wall Street is...,0.0,Neutral,0.0,0.0,1.0
Tesla Stock (TSLA) Receives Bullish Note from Goldman Sachs After Cybercab Event,Wall Street investment bank Goldman Sachs (GS) is bullish on Tesla (TSLA) following the electric vehicle maker’s recent Cybercab event. In a not...,"Wall Street investment bank Goldman Sachs (GS) is bullish on Tesla (TSLA) following the electric vehicle maker’s recent Cybercab event. In a note to clients, Mark Delaney, a top five-star rated analyst with a 63% success rate, wrote that Tesla’s Cybe... [1700 chars]",https://markets.businessinsider.com/news/stocks/tesla-stock-tsla-receives-bullish-note-from-goldman-sachs-after-cybercab-event-1036526885,2026-09-07 14:39:32+00:00,Markets Insider,https://markets.businessinsider.com,2026-09-18 08:31:54.593283+00:00,0.0,Neutral,Tesla Stock (TSLA) Receives Bullish Note from Goldman Sachs After Cybercab Event. Wall Street investment bank Goldman Sachs (GS) is bullish on Tesla (TSLA) following the electric vehicle maker’s recent Cybercab event. In a not...,0.0,Neutral,0.0,0.0,1.0
Wall Street Is Underestimating This Stock. Here's My Case for Why It Could Triple in 7 Years.,On Holding is prioritizing pricing over near-term wholesale volume.,"On Holding(NYSE: ONON) designs and sells premium athletic footwear, apparel, and accessories. Footwear generated about 93% of its 2025 sales, while wholesale and direct-to-consumer (DTC) channels accounted for roughly 58% and 42% of revenue, respecti... [3011 chars]",https://www.europesays.com/3238521/,2026-09-07 17:30:33+00:00,EUROPE SAYS,https://www.europesays.com,2026-09-18 08:31:54.593283+00:00,0.0,Neutral,Wall Street Is Underestimating This Stock. Here's My Case for Why It Could Triple in 7 Years.. On Holding is prioritizing pricing over near-term wholesale volume.,0.0,Neutral,0.0,0.0,1.0
Apple Stock Awaits The Biggest iPhone Launch In Years. Now John Ternus Has To Deliver.,"Wall Street expects the device to cost more than $2,000. Rising memory costs are putting additional attention on pricing across the new iPhone lineup.","Apple is heading into one of its most closely watched product launches in years with its stock up sharply since late June, putting new CEO John Ternus in the spotlight as the company prepares to unveil its first foldable iPhone. The company's event b... [2089 chars]",https://www.ibtimes.com/apple-stock-awaits-biggest-iphone-launch-years-now-john-ternus-has-deliver-3807287,2026-09-09 15:33:35+00:00,International Business Times,https://www.ibtimes.com,2026-09-18 08:31:55.782016+00:00,0.0772,Positive,"Apple Stock Awaits The Biggest iPhone Launch In Years. Now John Ternus Has To Deliver.. Wall Street expects the device to cost more than $2,000. Rising memory costs are putting additional attention on pricing across the new iPhone lineup.",0.0772,Positive,0.033,0.0,0.967
Broadcom: Wall Street’s Margin Fallacy Expands Bulls' Alpha (NASDAQ:AVGO),"Broadcom is a Strong Buy, with a solid price point for bulls given its AI infrastructure leadership and robust forward pipeline. Read more on AVGO stock here.","Analyst’s Disclosure: I/we have no stock, option or similar derivative position in any of the companies mentioned, and no plans to initiate any such positions within the next 72 hours. I wrote this article myself, and it expresses my own opinions. I ... [720 chars]",https://seekingalpha.com/article/4944590-broadcom-wall-streets-margin-fallacy-expands-bulls-alpha,2026-09-09 19:27:33+00:00,Seeking Alpha,https://seekingalpha.com,2026-09-18 08:31:55.782016+00:00,0.1027,Positive,"Broadcom: Wall Street’s Margin Fallacy Expands Bulls' Alpha (NASDAQ:AVGO). Broadcom is a Strong Buy, with a solid price point for bulls given its AI infrastructure leadership and robust forward pipeline. Read more on AVGO stock here.",0.7717,Positive,0.214,0.0,0.786
How major US stock indexes fared Wednesday 9,Stocks fell on Wall Street as the price of crude oil topped $100 a barrel again. The S&P 500 lost 0.5% Wednesday. The Dow Jones Industrial Average gave up 0,"Stocks fell on Wall Street as the price of crude oil topped $100 a barrel again. The S&P 500 lost 0.5% Wednesday. The Dow Jones Industrial Average gave up 0.8%, and the Nasdaq composite dropped 0.6%. The price of Brent crude jumped 3.4%, going back a... [917 chars]",https://wtop.com/national/2026/09/how-major-us-stock-indexes-fared-wednesday-9-9-2026/,2026-09-09 20:38:34+00:00,WTOP,https://wtop.com,2026-09-18 08:31:55.782016+00:00,0.0,Neutral,How major US stock indexes fared Wednesday 9. Stocks fell on Wall Street as the price of crude oil topped $100 a barrel again. The S&P 500 lost 0.5% Wednesday. The Dow Jones Industrial Average gave up 0,-0.7184,Negative,0.0,0.143,0.857
Why Oracle Stock Climbed After-Hours on Thursday - and What Wall Street Sees Next,Oracle (ORCL) stock rose over 4% in Thursday’s after-hours trading as the company delivered a strong first-quarter report and raised its full-ye...,"Oracle (ORCL) stock rose over 4% in Thursday’s after-hours trading as the company delivered a strong first-quarter report and raised its full-year outlook. Revenue rose 30% year-over-year to $19.35 billion, beating Wall Street’s $19.13 billion estima... [2579 chars]",https://markets.businessinsider.com/news/stocks/why-oracle-stock-climbed-after-hours-on-thursday-and-what-wall-street-sees-next-1036539046,2026-09-11 05:44:40+00:00,Markets Insider,https://markets.businessinsider.com,2026-09-18 08:31:57.802476+00:00,0.0,Neutral,Why Oracle Stock Climbed After-Hours on Thursday - and What Wall Street Sees Next. Oracle (ORCL) stock rose over 4% in Thursday’s after-hours trading as the company delivered a strong first-quarter report and raised its full-ye...,0.5106,Positive,0.086,0.0,0.914
Adobe Stock Fell After-Hours on Thursday Despite Strong Q3 Results - What Spooked Investors?,Adobe (ADBE) stock fell about 2% in after-hours trading Thursday despite the company beating Wall Street estimates and raising its full-year out...,"Adobe (ADBE) stock fell about 2% in after-hours trading Thursday despite the company beating Wall Street estimates and raising its full-year outlook. Investors appeared disappointed by Adobe’s Q4 revenue guidance of $6.80 billion to $6.85 billion, wi... [2480 chars]",https://markets.businessinsider.com/news/stocks/adobe-stock-fell-after-hours-on-thursday-despite-strong-q3-results-what-spooked-investors-1036539108,2026-09-11 06:18:51+00:00,Markets Insider,https://markets.businessinsider.com,2026-09-18 08:31:57.802476+00:00,-0.4023,Negative,Adobe Stock Fell After-Hours on Thursday Despite Strong Q3 Results - What Spooked Investors?. Adobe (ADBE) stock fell about 2% in after-hours trading Thursday despite the company beating Wall Street estimates and raising its full-year out...,-0.0572,Negative,0.063,0.069,0.868
"Will Adobe's AI-Driven, Record-Setting Revenue Ease Wall Street's Worry?",Adobe posted record-setting Q3 revenue amid AI worries. The company's stock is down over 25% so far this year. Will this change things?,"Adobe has had a busy start to the month. Last week, its Board of Directors selected Adobe’s next President and CEO, and this week, the company posted record-setting Q3 financial results. Starting with the CEO news, Anil Chakravarthy will become Adobe... [3567 chars]",https://petapixel.com/2026/09/11/will-adobes-ai-driven-record-setting-revenue-ease-wall-streets-worry/,2026-09-11 13:43:22+00:00,PetaPixel,https://petapixel.com,2026-09-18 08:31:57.802476+00:00,-0.1027,Negative,"Will Adobe's AI-Driven, Record-Setting Revenue Ease Wall Street's Worry?. Adobe posted record-setting Q3 revenue amid AI worries. The company's stock is down over 25% so far this year. Will this change things?",-0.5514,Negative,0.067,0.161,0.772
Dow Soars 509 Points as Oil Prices Ease: Stock Market Today,Wall Street snapped a four-day losing streak as falling oil prices and strong gains for several tech stocks offset inflation fears and rising rate-hike odds.,"Stocks jumped out of the gate Friday as market participants brushed off the latest inflation data — and rising odds of a rate hike next week. Falling oil prices helped lift stocks, as did bargain hunters who emerged after four straight losses for the... [4307 chars]",https://www.kiplinger.com/investing/stocks/dow-soars-509-points-as-oil-prices-retreat-stock-market-today,2026-09-11 20:06:31+00:00,Kiplinger,https://www.kiplinger.com,2026-09-18 08:31:57.802476+00:00,0.3612,Positive,Dow Soars 509 Points as Oil Prices Ease: Stock Market Today. Wall Street snapped a four-day losing streak as falling oil prices and strong gains for several tech stocks offset inflation fears and rising rate-hike odds.,0.296,Positive,0.181,0.155,0.664
"UiPath, Inc. (PATH) Stock Has AI Potential, But Slowing Growth Keeps Investors Cautious","UiPath, Inc. (NYSE:PATH) has underperformed the broader market year to date, with shares materially down for the year. Nevertheless, Wall Street sentiment has","UiPath, Inc. (NYSE:PATH) has underperformed the broader market year to date, with shares materially down for the year. Nevertheless, Wall Street sentiment has shown signs of improvement as investors assess the company’s artificial intelligence opport... [4320 chars]",https://www.europesays.com/3247919/,2026-09-13 00:04:19+00:00,EUROPE SAYS,https://www.europesays.com,2026-09-18 08:31:59.699760+00:00,0.4215,Positive,"UiPath, Inc. (PATH) Stock Has AI Potential, But Slowing Growth Keeps Investors Cautious. UiPath, Inc. (NYSE:PATH) has underperformed the broader market year to date, with shares materially down for the year. Nevertheless, Wall Street sentiment has",0.6808,Positive,0.152,0.039,0.809
Wall Street Thinks SpaceX Stock Has 50% Upside. Here's Why I Don't Care.,"Even after a post-IPO lull, SpaceX (SPCX +2.04%) remains one of the market's most exciting stories. Despite its $2 trillion market cap, SpaceX shares trade at","Even after a post-IPO lull, SpaceX (SPCX +2.04%) remains one of the market’s most exciting stories. Despite its $2 trillion market cap, SpaceX shares trade at nearly 100 times sales. Sales growth did hit 92% year over year last quarter. But the space... [3126 chars]",https://www.europesays.com/3248541/,2026-09-13 08:52:29+00:00,EUROPE SAYS,https://www.europesays.com,2026-09-18 08:31:59.699760+00:00,-0.3875,Negative,"Wall Street Thinks SpaceX Stock Has 50% Upside. Here's Why I Don't Care.. Even after a post-IPO lull, SpaceX (SPCX +2.04%) remains one of the market's most exciting stories. Despite its $2 trillion market cap, SpaceX shares trade at",0.4705,Positive,0.128,0.059,0.812
BofA Warns Wall Street Is Too 'Blasé.' $14 Billion Stock Exodus is 'Recipe for Volatility.',"U.S. equity funds recorded $14.2 billion in outflows over the past three weeks, the largest withdrawal since January.",Bank of America strategists are warning that Wall Street may be entering a more volatile period as investors pull billions of dollars from U.S. stocks while financial markets and policymakers appear relatively calm about rising Treasury yields and su... [3204 chars],https://www.ibtimes.com/bofa-warns-wall-street-too-blase-14-billion-stock-exodus-recipe-volatility-3807389,2026-09-14 10:38:01+00:00,International Business Times,https://www.ibtimes.com,2026-09-18 08:32:00.691944+00:00,-0.1027,Negative,"BofA Warns Wall Street Is Too 'Blasé.' $14 Billion Stock Exodus is 'Recipe for Volatility.'. U.S. equity funds recorded $14.2 billion in outflows over the past three weeks, the largest withdrawal since January.",-0.0772,Negative,0.033,0.042,0.925
Here are our top 10 things to watch in the stock market Monday,AI semiconductor and infrastructure stocks are under heavy pressure ahead of Monday's open on Wall Street.,"The Club's top 10 things to watch Monday, Sept. 14 — Portfolio director Jeff Marks wrote today's newsletter. 1. AI semiconductor and infrastructure stocks are under heavy pressure ahead of Monday's open on Wall Street. The reason? Anthropic co-founde... [3849 chars]",https://www.cnbc.com/2026/09/14/here-are-our-top-10-things-to-watch-in-the-stock-market-monday.html,2026-09-14 13:14:57+00:00,CNBC,https://www.cnbc.com,2026-09-18 08:32:00.691944+00:00,0.2023,Positive,Here are our top 10 things to watch in the stock market Monday. AI semiconductor and infrastructure stocks are under heavy pressure ahead of Monday's open on Wall Street.,-0.1027,Negative,0.058,0.071,0.871
US stocks slip after oil prices and bond market crank up the pressure,The U.S. stock market is slipping as oil prices and the bond market crank up the pressure on Wall Street.,"By STAN CHOE, AP Business Writer NEW YORK (AP) — U.S. stocks slipped Tuesday after oil prices and the bond market cranked up the pressure on Wall Street. The S&P 500 fell 0.4%. The Dow Jones Industrial Average dropped 328 points, or 0.6%, and the Nas... [4138 chars]",https://www.sandiegouniontribune.com/2026/09/15/wall-street-oil-bond-yields/,2026-09-15 13:03:49+00:00,San Diego Union-Tribune,https://www.sandiegouniontribune.com,2026-09-17 13:04:54.967073+00:00,-0.296,Negative,US stocks slip after oil prices and bond market crank up the pressure. The U.S. stock market is slipping as oil prices and the bond market crank up the pressure on Wall Street.,-0.5267,Negative,0.0,0.124,0.876
Here's what 5% bond yields mean for the stock market - and which stocks to buy,"Rising bond yields make the path for stocks shakier, but they won't derail the bull market, according to Wall Street analysts.","Rising bond yields make the path for stocks shakier, but they won't derail the bull market, according to Wall Street analysts. The 10-year U.S. Treasury note yield – a benchmark rate that influences mortgage rates, auto loans and borrowing costs – re... [3597 chars]",https://www.cnbc.com/2026/09/15/heres-what-5percent-bond-yields-mean-for-the-stock-market-and-which-stocks-to-buy.html,2026-09-15 14:55:28+00:00,CNBC,https://www.cnbc.com,2026-09-17 13:04:54.967073+00:00,0.0,Neutral,"Here's what 5% bond yields mean for the stock market - and which stocks to buy. Rising bond yields make the path for stocks shakier, but they won't derail the bull market, according to Wall Street analysts.",0.222,Positive,0.06,0.037,0.902
US stocks slip after oil prices and the bond market crank up the pressure,"The U.S. stock market is slipping as oil prices and the bond market crank up the pressure on Wall Street. The S&P 500 fell 0.4% Tuesday. The Dow Jones Industrial Average dropped 506 points, and the Nasdaq composite sank 0.6%. They felt pressure as the yield on the 10-year Treasury climbed to 5.01%, tracking a rise in oil prices. Higher yields mean everyone must pay more in interest to borrow money, which slows the overall economy. They also make people less willing to pay high prices for stocks because they can earn more from sitting in bonds, which are considered safer investments.","The U.S. stock market is slipping as oil prices and the bond market crank up the pressure on Wall Street Michael Smyth works on the floor at the New York Stock Exchange in New York, Monday, Sept. 14, 2026. (AP Photo/Seth Wenig) By STAN CHOE – AP Busi... [4217 chars]",https://www.ajc.com/news/2026/09/us-stocks-slip-after-oil-prices-and-the-bond-market-crank-up-the-pressure/,2026-09-15 15:31:58+00:00,The Atlanta Journal-Constitution,https://www.ajc.com,2026-09-17 13:04:54.967073+00:00,-0.296,Negative,"US stocks slip after oil prices and the bond market crank up the pressure. The U.S. stock market is slipping as oil prices and the bond market crank up the pressure on Wall Street. The S&P 500 fell 0.4% Tuesday. The Dow Jones Industrial Average dropped 506 points, and the Nasdaq composite sank 0.6%. They felt pressure as the yield on the 10-year Treasury climbed to 5.01%, tracking a rise in oil prices. Higher yields mean everyone must pay more in interest to borrow money, which slows the overall economy. They also make people less willing to pay high prices for stocks because they can earn more from sitting in bonds, which are considered safer investments.",0.1882,Positive,0.063,0.073,0.864
Stocks slip after oil prices and the bond market crank up the pressure,The U.S. stock market slipped as oil prices and the bond market cranked up the pressure on Wall Street,"Stocks slipped Tuesday after oil prices and the bond market cranked up the pressure on Wall Street. The S&P 500 fell 0.4%. The Dow Jones Industrial Average dropped 328 points, or 0.6%, and the Nasdaq composite sank 0.8%. They felt pressure as the yie... [4001 chars]",https://www.latimes.com/world-nation/story/2026-09-15/stocks-slip-after-oil-prices-bond-market-crank-up-pressure,2026-09-15 20:19:07+00:00,Los Angeles Times,https://www.latimes.com,2026-09-17 13:04:54.967073+00:00,-0.296,Negative,Stocks slip after oil prices and the bond market crank up the pressure. The U.S. stock market slipped as oil prices and the bond market cranked up the pressure on Wall Street,-0.5267,Negative,0.0,0.128,0.872
Micron Stock (MU): 2 ETFs With 25%+ Upside to Consider,"Micron Technology (MU) is one of the big winners of the AI boom. Its high‑bandwidth memory chips are in heavy demand, and Wall Street expects th...","Micron Technology (MU) is one of the big winners of the AI boom. Its high‑bandwidth memory chips are in heavy demand, and Wall Street expects that strength to last through 2027. Investors who want Micron exposure without the sharp price swings may co... [2174 chars]",https://markets.businessinsider.com/news/stocks/micron-stock-mu-2-etfs-with-25-upside-to-consider-1036548806,2026-09-15 22:57:51+00:00,Markets Insider,https://markets.businessinsider.com,2026-09-17 13:04:54.967073+00:00,0.0,Neutral,"Micron Stock (MU): 2 ETFs With 25%+ Upside to Consider. Micron Technology (MU) is one of the big winners of the AI boom. Its high‑bandwidth memory chips are in heavy demand, and Wall Street expects th...",0.3818,Positive,0.08,0.039,0.881
Wall Street holds steady after the Fed hikes rates as oil prices ease,The U.S. stock market is holding steady after the Federal Reserve hiked interest rates for the first time in three years.,"By STAN CHOE, AP Business Writer NEW YORK (AP) — U.S. stocks slipped Wednesday after the Federal Reserve hiked its main interest rate for the first time in three years and suggested more may be ahead as it tries to get the nation’s high inflation und... [4564 chars]",https://www.pressdemocrat.com/2026/09/16/financial-markets-fed-interest-rate-call/,2026-09-16 12:56:04+00:00,Santa Rosa Press Democrat,https://www.pressdemocrat.com,2026-09-18 08:32:02.144874+00:00,0.3612,Positive,Wall Street holds steady after the Fed hikes rates as oil prices ease. The U.S. stock market is holding steady after the Federal Reserve hiked interest rates for the first time in three years.,0.6705,Positive,0.147,0.0,0.853
SpaceX: The Boldest Bet On Wall Street (Rating Upgrade),SpaceX has caught investor attention with news of its AI hosting deals. Read what could be next for the SPCX stock.,"Analyst’s Disclosure: I/we have a beneficial long position in the shares of SPCX either through stock ownership, options, or other derivatives. I wrote this article myself, and it expresses my own opinions. I am not receiving compensation for it (oth... [679 chars]",https://seekingalpha.com/article/4947202-spacex-the-boldest-bet-on-wall-street-rating-upgrade,2026-09-16 20:02:01+00:00,Seeking Alpha,https://seekingalpha.com,2026-09-17 13:04:54.967073+00:00,0.3818,Positive,SpaceX: The Boldest Bet On Wall Street (Rating Upgrade). SpaceX has caught investor attention with news of its AI hosting deals. Read what could be next for the SPCX stock.,0.3818,Positive,0.082,0.0,0.918
"Meta Event Next Week Could Spark Stock Gains, Says Citi","Meta’s upcoming developers conference could fuel some fresh enthusiasm for the stock, according to one Wall Street bull.","Meta’s upcoming developers conference could fuel some fresh enthusiasm for the stock, according to one Wall Street bull. Analysts at Citi said they view the Meta Connect event next week as a near-term catalyst for price gains in a note to clients Wed... [768 chars]",https://www.investopedia.com/meta-event-next-week-could-spark-stock-gains-says-citi-12124937,2026-09-16 20:55:48+00:00,Investopedia,https://www.investopedia.com,2026-09-17 13:04:54.967073+00:00,0.5106,Positive,"Meta Event Next Week Could Spark Stock Gains, Says Citi. Meta’s upcoming developers conference could fuel some fresh enthusiasm for the stock, according to one Wall Street bull.",0.8176,Positive,0.284,0.0,0.716
Apple iPhone 18 Pro Sales Helped By Carrier Promotions,"U.S. wireless carrier promotions should provide a boost for Apple iPhone 18 Pro sales, a Wall Street analyst says. Apple stock rose slightly.","Information in Investor’s Business Daily is for informational and educational purposes only and should not be construed as an offer, recommendation, solicitation, or rating to buy or sell securities. The information has been obtained from sources we ... [1013 chars]",https://www.investors.com/news/technology/apple-stock-iphone-18-pro-carrier-promotions/,2026-09-17 15:22:15+00:00,Investor's Business Daily,https://www.investors.com,2026-09-18 08:32:18.616775+00:00,0.0,Neutral,"Apple iPhone 18 Pro Sales Helped By Carrier Promotions. U.S. wireless carrier promotions should provide a boost for Apple iPhone 18 Pro sales, a Wall Street analyst says. Apple stock rose slightly.",0.4019,Positive,0.08,0.0,0.92
One cybersecurity stock has lagged of late. Jay Woods says the charts are now turning bullish,"This stock has spent much of the year in Wall Street's penalty box, said the chief market strategist at Freedom Capital Markets.","One of the best performing sectors over the past year has been cybersecurity. As the artificial intelligence build continues, the cries for more regulation grow louder. While that could slow down the speed of growth with data centers and the tech bui... [4710 chars]",https://www.cnbc.com/2026/09/17/one-cybersecurity-stock-has-lagged-of-late-jay-woods-says-the-charts-are-now-turning-bullish.html,2026-09-17 18:23:02+00:00,CNBC,https://www.cnbc.com,2026-09-18 08:32:18.616775+00:00,-0.296,Negative,"One cybersecurity stock has lagged of late. Jay Woods says the charts are now turning bullish. This stock has spent much of the year in Wall Street's penalty box, said the chief market strategist at Freedom Capital Markets.",0.0,Neutral,0.095,0.117,0.788
Mad Money Jim Cramer Sees 40% Upside for Palantir Stock. Does Wall Street Agree?,Stock market Treasury yields oil prices Wall Street trading floor. Photo by BeInCrypto,Stock market Treasury yields oil prices Wall Street trading floor. Photo by BeInCrypto Famous CNBC Mad Money host Jim Cramer reaffirmed his $250 price target on Palantir stock (PLTR) on Thursday. Cramer’s price calls are often a complete hit or miss.... [1695 chars],https://www.europesays.com/3256824/,2026-09-17 19:35:30+00:00,EUROPE SAYS,https://www.europesays.com,2026-09-18 08:32:18.616775+00:00,-0.1779,Negative,Mad Money Jim Cramer Sees 40% Upside for Palantir Stock. Does Wall Street Agree?. Stock market Treasury yields oil prices Wall Street trading floor. Photo by BeInCrypto,0.0258,Neutral,0.137,0.102,0.762
How major US stock indexes fared Thursday 9,U.S. stocks rose and recovered most of their losses for the week. Falling oil prices and easing pressure from the bond market on Thursday helped Wall Street rev,"U.S. stocks rose and recovered most of their losses for the week. Falling oil prices and easing pressure from the bond market on Thursday helped Wall Street reverse many of its moves from the prior day, when the Federal Reserve hiked its main interes... [1979 chars]",https://wtop.com/national/2026/09/how-major-us-stock-indexes-fared-thursday-9-17-2026/,2026-09-17 20:22:03+00:00,WTOP,https://wtop.com,2026-09-18 08:32:18.616775+00:00,0.0,Neutral,How major US stock indexes fared Thursday 9. U.S. stocks rose and recovered most of their losses for the week. Falling oil prices and easing pressure from the bond market on Thursday helped Wall Street rev,-0.5809,Negative,0.049,0.166,0.785
